{
  "call_count": 21,
  "model_wall_clock_seconds": 214.73500000000786,
  "wall_clock_seconds": 214.76600000000326
}
